{
	"location": "노원",
	"trash": [
		{
			"add": "동일로 1104 ",
			"add_type": "정류소",
			"trash_tpye": "일반쓰레기",
			"lat": "37.6242653",
			"lng": "127.0734496"
		},
		{
			"add": "동일로 1101 ",
			"add_type": "정류소",
			"trash_tpye": "일반쓰레기",
			"lat": "37.6242653",
			"lng": "127.0734496"
		},
		{
			"add": "동일로 1082 ",
			"add_type": "정류소",
			"trash_tpye": "일반쓰레기",
			"lat": "37.6242653",
			"lng": "127.0734496"
		},
		{
			"add": "동일로 1038 ",
			"add_type": "정류소",
			"trash_tpye": "일반쓰레기",
			"lat": "37.6242653",
			"lng": "127.0734496"
		},
		{
			"add": "공릉동 661-7",
			"add_type": "정류소",
			"trash_tpye": "일반쓰레기",
			"lat": "37.63021",
			"lng": "127.08818"
		},
		{
			"add": "공릉역 4번 출구",
			"add_type": "정류소",
			"trash_tpye": "일반쓰레기",
			"lat": "37.6257771",
			"lng": "127.0727884"
		},
		{
			"add": "동일로 1041",
			"add_type": "정류소",
			"trash_tpye": "일반쓰레기",
			"lat": "37.6242653",
			"lng": "127.0734496"
		},
		{
			"add": "태릉입구역 3번 출구",
			"add_type": "정류소",
			"trash_tpye": "일반쓰레기"
		},
		{
			"add": "태릉입구역 4번 출구",
			"add_type": "정류소",
			"trash_tpye": "일반쓰레기"
		},
		{
			"add": "동이로 192길 20",
			"add_type": "정류소",
			"trash_tpye": "일반쓰레기"
		},
		{
			"add": "태릉입구역 1번 출구",
			"add_type": "정류소",
			"trash_tpye": "일반쓰레기"
		},
		{
			"add": "태릉입구역 7번 출구",
			"add_type": "정류소",
			"trash_tpye": "일반쓰레기"
		},
		{
			"add": "우방아파트",
			"add_type": "정류소",
			"trash_tpye": "일반쓰레기",
			"lat": "37.497648",
			"lng": "126.87449731604528"
		},
		{
			"add": "예수사랑교회",
			"add_type": "정류소",
			"trash_tpye": "일반쓰레기",
			"lat": "37.6223585",
			"lng": "127.0879057997106"
		},
		{
			"add": "화랑대역 1번 출구",
			"add_type": "정류소",
			"trash_tpye": "일반쓰레기"
		},
		{
			"add": "태릉 화랑로 653",
			"add_type": "정류소",
			"trash_tpye": "일반쓰레기",
			"lat": "37.6322513",
			"lng": "127.09756924225064"
		},
		{
			"add": "화랑대역 2번 출구",
			"add_type": "정류소",
			"trash_tpye": "일반쓰레기"
		},
		{
			"add": "공릉한보아파트",
			"add_type": "정류소",
			"trash_tpye": "일반쓰레기"
		},
		{
			"add": "상계동 820",
			"add_type": "정류소",
			"trash_tpye": "일반쓰레기",
			"lat": "37.66727",
			"lng": "127.07242"
		},
		{
			"add": "상계주공7단지",
			"add_type": "정류소",
			"trash_tpye": "일반쓰레기",
			"lat": "37.6604",
			"lng": "127.06274"
		},
		{
			"add": "상계주공9단지",
			"add_type": "정류소",
			"trash_tpye": "일반쓰레기",
			"lat": "37.6645851",
			"lng": "127.0587866"
		},
		{
			"add": "대림종합상가",
			"add_type": "정류소",
			"trash_tpye": "일반쓰레기",
			"lat": "37.4160938",
			"lng": "126.91420868904689"
		},
		{
			"add": "도봉운전면허시험장",
			"add_type": "정류소",
			"trash_tpye": "일반쓰레기",
			"lat": "37.6564809",
			"lng": "127.05856741141028"
		},
		{
			"add": "수락산역 4번출구",
			"add_type": "정류소",
			"trash_tpye": "일반쓰레기",
			"lat": "37.6769086",
			"lng": "127.0551387"
		},
		{
			"add": "수락산역 3번출구  ",
			"add_type": "정류소",
			"trash_tpye": "일반쓰레기",
			"lat": "37.6768905",
			"lng": "127.0555097"
		},
		{
			"add": "수락산역 맥도날드",
			"add_type": "정류소",
			"trash_tpye": "일반쓰레기"
		},
		{
			"add": "노일초등학교",
			"add_type": "정류소",
			"trash_tpye": "일반쓰레기",
			"lat": "37.673329499999994",
			"lng": "127.05483553947465"
		},
		{
			"add": "당고개역 ",
			"add_type": "정류소",
			"trash_tpye": "일반쓰레기",
			"lat": "37.670098",
			"lng": "127.0789245"
		},
		{
			"add": "한글비석로 463",
			"add_type": "정류소",
			"trash_tpye": "일반쓰레기",
			"lat": "37.65887",
			"lng": "127.07371"
		},
		{
			"add": "노해로 456",
			"add_type": "정류소",
			"trash_tpye": "일반쓰레기",
			"lat": "37.64808",
			"lng": "127.0264059"
		},
		{
			"add": "노원에코센터",
			"add_type": "정류소",
			"trash_tpye": "일반쓰레기"
		},
		{
			"add": "노원구청",
			"add_type": "정류소",
			"trash_tpye": "일반쓰레기",
			"lat": "37.6543998",
			"lng": "127.05643101032825"
		},
		{
			"add": "상계동 705-1",
			"add_type": "정류소",
			"trash_tpye": "일반쓰레기",
			"lat": "37.66727",
			"lng": "127.07242"
		},
		{
			"add": "당현천 근린공원",
			"add_type": "정류소",
			"trash_tpye": "일반쓰레기"
		},
		{
			"add": "상계주공 2단지",
			"add_type": "정류소",
			"trash_tpye": "일반쓰레기"
		},
		{
			"add": "상계주공 4단지",
			"add_type": "정류소",
			"trash_tpye": "일반쓰레기"
		},
		{
			"add": "상계동 666",
			"add_type": "정류소",
			"trash_tpye": "일반쓰레기",
			"lat": "37.66727",
			"lng": "127.07242"
		},
		{
			"add": "상게주공15단지",
			"add_type": "정류소",
			"trash_tpye": "일반쓰레기"
		},
		{
			"add": "상계주공10단지",
			"add_type": "정류소",
			"trash_tpye": "일반쓰레기",
			"lat": "37.6623445",
			"lng": "127.0582011"
		},
		{
			"add": "광운대학교",
			"add_type": "정류소",
			"trash_tpye": "일반쓰레기",
			"lat": "37.62036525",
			"lng": "127.05494772757649"
		},
		{
			"add": "광운대역 3번출구",
			"add_type": "정류소",
			"trash_tpye": "일반쓰레기",
			"lat": "37.6228132",
			"lng": "127.0617158"
		},
		{
			"add": "월계한일1차아파트",
			"add_type": "정류소",
			"trash_tpye": "일반쓰레기",
			"lat": "37.6218056",
			"lng": "127.0616861"
		},
		{
			"add": "월게주공 1단지",
			"add_type": "정류소",
			"trash_tpye": "일반쓰레기"
		},
		{
			"add": "월계로 55길 16",
			"add_type": "정류소",
			"trash_tpye": "일반쓰레기"
		},
		{
			"add": "월계헬스케어센터",
			"add_type": "정류소",
			"trash_tpye": "일반쓰레기",
			"lat": "37.63146",
			"lng": "127.061512"
		},
		{
			"add": "한글비석로 269",
			"add_type": "정류소",
			"trash_tpye": "일반쓰레기",
			"lat": "37.65887",
			"lng": "127.07371"
		},
		{
			"add": "한글비석로 245",
			"add_type": "정류소",
			"trash_tpye": "일반쓰레기",
			"lat": "37.65887",
			"lng": "127.07371"
		},
		{
			"add": "어린이교통공원",
			"add_type": "정류소",
			"trash_tpye": "일반쓰레기",
			"lat": "37.6455968",
			"lng": "127.06285267966102"
		},
		{
			"add": "중계역 4번출구",
			"add_type": "정류소",
			"trash_tpye": "일반쓰레기",
			"lat": "37.6440312",
			"lng": "127.0644133"
		},
		{
			"add": "노원구민의전당",
			"add_type": "정류소",
			"trash_tpye": "일반쓰레기"
		},
		{
			"add": "서울시립북서울미술관",
			"add_type": "정류소",
			"trash_tpye": "일반쓰레기",
			"lat": "37.6409265",
			"lng": "127.066749"
		},
		{
			"add": "중게역 1번출구",
			"add_type": "정류소",
			"trash_tpye": "일반쓰레기"
		},
		{
			"add": "중계동 591",
			"add_type": "정류소",
			"trash_tpye": "일반쓰레기",
			"lat": "37.64802",
			"lng": "127.07678"
		},
		{
			"add": "한글비석로 383",
			"add_type": "정류소",
			"trash_tpye": "일반쓰레기",
			"lat": "37.6593495",
			"lng": "127.0728854"
		},
		{
			"add": "한글비석로 250",
			"add_type": "정류소",
			"trash_tpye": "일반쓰레기",
			"lat": "37.65887",
			"lng": "127.07371"
		},
		{
			"add": "한글비석로 276",
			"add_type": "정류소",
			"trash_tpye": "일반쓰레기",
			"lat": "37.65887",
			"lng": "127.07371"
		},
		{
			"add": "노원경찰서",
			"add_type": "정류소",
			"trash_tpye": "일반쓰레기",
			"lat": "37.6645624",
			"lng": "127.0636281"
		},
		{
			"add": "중게주공 9단지",
			"add_type": "정류소",
			"trash_tpye": "일반쓰레기"
		},
		{
			"add": "하계역 6번 출구",
			"add_type": "정류소",
			"trash_tpye": "일반쓰레기"
		},
		{
			"add": "하계역 미성아파트",
			"add_type": "정류소",
			"trash_tpye": "일반쓰레기"
		},
		{
			"add": "하게역 5번출구",
			"add_type": "정류소",
			"trash_tpye": "일반쓰레기"
		},
		{
			"add": "하게역 세이브존",
			"add_type": "정류소",
			"trash_tpye": "일반쓰레기"
		},
		{
			"add": "장미아파트",
			"add_type": "정류소",
			"trash_tpye": "일반쓰레기",
			"lat": "37.44471205",
			"lng": "126.6568769107569"
		},
		{
			"add": "월계동 85",
			"add_type": "상가지역",
			"trash_tpye": "담배꽁초",
			"lat": "35.2141311",
			"lng": "126.8385309"
		},
		{
			"add": "화랑로 232",
			"add_type": "광장, 공원",
			"trash_tpye": "담배꽁초",
			"lat": "37.6050969",
			"lng": "127.0455581"
		},
		{
			"add": "월게동 274-4",
			"add_type": "지하철역 입구",
			"trash_tpye": "담배꽁초"
		},
		{
			"add": "월계동 557",
			"add_type": "횡단보도",
			"trash_tpye": "담배꽁초",
			"lat": "35.2141311",
			"lng": "126.8385309"
		},
		{
			"add": "공릉동 89-2",
			"add_type": "지하철역 입구",
			"trash_tpye": "담배꽁초",
			"lat": "37.63021",
			"lng": "127.08818"
		},
		{
			"add": "공릉동 441-14",
			"add_type": "상가지역",
			"trash_tpye": "담배꽁초",
			"lat": "37.63021",
			"lng": "127.08818"
		},
		{
			"add": "공릉동 215-7",
			"add_type": "상가지역",
			"trash_tpye": "담배꽁초",
			"lat": "37.63021",
			"lng": "127.08818"
		},
		{
			"add": "한글비석로 98",
			"add_type": "공원",
			"trash_tpye": "담배꽁초",
			"lat": "37.65887",
			"lng": "127.07371"
		},
		{
			"add": "공릉로 328",
			"add_type": "공원",
			"trash_tpye": "담배꽁초",
			"lat": "37.64522",
			"lng": "127.06673"
		},
		{
			"add": "한글비석로20길 15-11",
			"add_type": "지하철역 입구",
			"trash_tpye": "담배꽁초",
			"lat": "37.6604876",
			"lng": "127.073436"
		},
		{
			"add": "상계로3길 35",
			"add_type": "지하철역 입구",
			"trash_tpye": "담배꽁초",
			"lat": "37.6575502",
			"lng": "127.0621742"
		},
		{
			"add": "노해로85길 14",
			"add_type": "상가지역",
			"trash_tpye": "담배꽁초",
			"lat": "37.6559172",
			"lng": "127.0651444"
		}
	]
}